id,domain,question,answer,explanation,evidence,planned
AAC-02.4,Audit Assurance & Compliance,Do you conduct internal audits regularly as prescribed by industry best practices and guidance?,,,,
AAC-02.8,Audit Assurance & Compliance,Do you have an internal audit program that allows for cross-functional audit of assessments?,,,,
BCR-10.1,Business Continuity Management & Operational Resilience,Are policies and procedures established and made available for all personnel to adequately support services operations’ roles?,,,,
CCC-01.1,Change Control & Configuration Management,"Are policies and procedures established for management authorization for development or acquisition of new applications, systems, databases, infrastructure, services, operations and facilities?",,,,
CCC-04.1,Change Control & Configuration Management,Do you have controls in place to restrict and monitor the installation of unauthorized software onto your systems?,,,,
GRM-01.1,Governance and Risk Management,"Do you have documented information security baselines for every component of your infrastructure (e.g., hypervisors, operating systems, routers, DNS servers, etc.)?",,,,
GRM-01.2,Governance and Risk Management,Do you have the capability to continuously monitor and report the compliance of your infrastructure against your information security baselines?,,,,
GRM-01.3,Governance and Risk Management,Do you allow your clients to provide their own trusted virtual machine image to ensure conformance to their own internal standards?,,,,
GRM-02.1,Governance and Risk Management,Do you provide security control health data in order to allow tenants to implement industry standard Continuous Monitoring (which allows continual tenant validation of your physical and logical control status)?,,,,
GRM-02.2,Governance and Risk Management,Do you conduct risk assessments associated with data governance requirements at least once a year?,,,,
GRM-03.1,Governance and Risk Management,"Are your technical, business, and executive managers responsible for maintaining awareness of and compliance with security policies, procedures, and standards for both themselves and their employees as they pertain to the manager and employees' area of responsibility?",,,,
GRM-04.2,Governance and Risk Management,Do you review your Information Security Management Program (ISMP) at least once a year?,,,,
GRM-05.1,Governance and Risk Management,Do you ensure your providers adhere to your information security and privacy policies?,,,,
GRM-06.1,Governance and Risk Management,"Do your information security and privacy policies align with industry standards (ISO-27001, ISO-22307, CoBIT, etc.)?",,,,
GRM-06.2,Governance and Risk Management,Do you have agreements to ensure your providers adhere to your information security and privacy policies?,,,,
GRM-06.3,Governance and Risk Management,"Can you provide evidence of due diligence mapping of your controls, architecture, and processes to regulations and/or standards?",,,,
GRM-07.1,Governance and Risk Management,Is a formal disciplinary or sanction policy established for employees who have violated security policies and procedures?,,,,
GRM-07.2,Governance and Risk Management,Are employees made aware of what actions could be taken in the event of a violation via their policies and procedures?,,,,
GRM-08.1,Governance and Risk Management,"Do risk assessment results include updates to security policies, procedures, standards, and controls to ensure they remain relevant and effective?",,,,
GRM-09.1,Governance and Risk Management,Do you notify your tenants when you make material changes to your information security and/or privacy policies?,,,,
GRM-09.2,Governance and Risk Management,"Do you perform, at minimum, annual reviews to your privacy and security policies?",,,,
GRM-10.1,Governance and Risk Management,"Are formal risk assessments aligned with the enterprise-wide framework and performed at least annually, or at planned intervals, determining the likelihood and impact of all identified risks, using qualitative and quantitative methods?",,,,
GRM-10.2,Governance and Risk Management,"Is the likelihood and impact associated with inherent and residual risk determined independently, considering all risk categories (e.g., audit results, threat and vulnerability analysis, and regulatory compliance)?",,,,
GRM-11.1,Governance and Risk Management,"Do you have a documented, organization-wide program in place to manage risk?",,,,
GRM-11.2,Governance and Risk Management,Do you make available documentation of your organization-wide risk management program?,,,,
HRS-01.2,Human Resources,Is your Privacy Policy aligned with industry standards?,,,,
HRS-02.1,Human Resources,"Pursuant to local laws, regulations, ethics, and contractual constraints, are all employment candidates, contractors, and involved third parties subject to background verification?",,,,
HRS-03.1,Human Resources,Do you specifically train your employees regarding their specific role and the information security controls they must fulfill?,,,,
HRS-03.2,Human Resources,Do you document employee acknowledgment of training they have completed?,,,,
HRS-03.3,Human Resources,Are all personnel required to sign NDA or Confidentiality Agreements as a condition of employment to protect customer/tenant information?,,,,
HRS-03.4,Human Resources,Is successful and timed completion of the training program considered a prerequisite for acquiring and maintaining access to sensitive systems?,,,,
HRS-03.5,Human Resources,Are personnel trained and provided with awareness programs at least once a year?,,,,
HRS-04.1,Human Resources,"Are documented policies, procedures, and guidelines in place to govern change in employment and/or termination?",,,,
HRS-04.2,Human Resources,Do the above procedures and guidelines account for timely revocation of access and return of assets?,,,,
HRS-05.1,Human Resources,"Are policies and procedures established and measures implemented to strictly limit access to your sensitive data and tenant data from portable and mobile devices (e.g., laptops, cell phones, and personal digital assistants (PDAs)), which are generally higher-risk than non-portable devices (e.g., desktop computers at the provider organization’s facilities)?",,,,
HRS-06.1,Human Resources,"Are requirements for non-disclosure or confidentiality agreements reflecting the organization's needs for the protection of data and operational details identified, documented, and reviewed at planned intervals?",,,,
HRS-07.1,Human Resources,Do you provide tenants with a role definition document clarifying your administrative responsibilities versus those of the tenant?,,,,
HRS-09.1,Human Resources,"Do you provide a formal, role-based, security awareness training program for cloud-related access and data management issues (e.g., multi-tenancy, nationality, cloud delivery model, segregation of duties implications, and conflicts of interest) for all persons with access to tenant data?",,,,
HRS-09.2,Human Resources,Are administrators and data stewards properly educated on their legal responsibilities with regard to security and data integrity?,,,,
HRS-10.1,Human Resources,"Are users made aware of their responsibilities for maintaining awareness and compliance with published security policies, procedures, standards, and applicable regulatory requirements?",,,,
HRS-10.2,Human Resources,Are users made aware of their responsibilities for maintaining a safe and secure working environment?,,,,
HRS-10.3,Human Resources,Are users made aware of their responsibilities for leaving unattended equipment in a secure manner?,,,,
HRS-11.1,Human Resources,Do your data management policies and procedures address tenant and service level conflicts of interests?,,,,
HRS-11.2,Human Resources,Do your data management policies and procedures include a tamper audit or software integrity function for unauthorized access to tenant data?,,,,
HRS-11.3,Human Resources,Does the virtual machine management infrastructure include a tamper audit or software integrity function to detect changes to the build/configuration of the virtual machine?,,,,
MOS-01.1,Mobile Security,Do you provide anti-malware training specific to mobile devices as part of your information security awareness training?,,,,
MOS-02.1,Mobile Security,Do you document and make available lists of approved application stores for mobile devices accessing or storing company data and/or company systems?,,,,
MOS-03.1,Mobile Security,"Do you have a policy enforcement capability (e.g., XACML) to ensure that only approved applications and those from approved application stores can be loaded onto a mobile device?",,,,
MOS-04.1,Mobile Security,Does your BYOD policy and training clearly state which applications and applications stores are approved for use on BYOD devices?,,,,
MOS-05.1,Mobile Security,Do you have a documented mobile device policy in your employee training that clearly defines mobile devices and the accepted usage and requirements for mobile devices?,,,,
MOS-06.1,Mobile Security,Do you have a documented list of pre-approved cloud based services that are allowed to be used for use and storage of company business data via a mobile device?,,,,
MOS-07.1,Mobile Security,"Do you have a documented application validation process for testing device, operating system, and application compatibility issues?",,,,
MOS-08.1,Mobile Security,Do you have a BYOD policy that defines the device(s) and eligibility requirements allowed for BYOD usage?,,,,
MOS-09.1,Mobile Security,"Do you maintain an inventory of all mobile devices storing and accessing company data which includes device status (e.g., operating system and patch levels, lost or decommissioned, device assignee)?",,,,
MOS-10.1,Mobile Security,"Do you have a centralized mobile device management solution deployed to all mobile devices that are permitted to store, transmit, or process company data?",,,,
MOS-11.1,Mobile Security,Does your mobile device policy require the use of encryption for either the entire device or for data identified as sensitive enforceable through technology controls for all mobile devices?,,,,
MOS-12.1,Mobile Security,"Does your mobile device policy prohibit the circumvention of built-in security controls on mobile devices (e.g., jailbreaking or rooting)?",,,,
MOS-12.2,Mobile Security,Do you have detective and preventative controls on the device or via a centralized device management system which prohibit the circumvention of built-in security controls?,,,,
MOS-13.1,Mobile Security,"Does your BYOD policy clearly define the expectation of privacy, requirements for litigation, e-discovery, and legal holds?",,,,
MOS-13.2,Mobile Security,Do you have detective and preventative controls on the device or via a centralized device management system which prohibit the circumvention of built-in security controls?,,,,
MOS-14.1,Mobile Security,Do you require and enforce via technical controls an automatic lockout screen for BYOD and company owned devices?,,,,
MOS-15.1,Mobile Security,"Do you manage all changes to mobile device operating systems, patch levels, and applications via your company's change management processes?",,,,
MOS-16.1,Mobile Security,Do you have password policies for enterprise issued mobile devices and/or BYOD mobile devices?,,,,
MOS-16.2,Mobile Security,Are your password policies enforced through technical controls (i.e. MDM)?,,,,
MOS-16.3,Mobile Security,Do your password policies prohibit the changing of authentication requirements (i.e. password/PIN length) via a mobile device?,,,,
MOS-17.1,Mobile Security,Do you have a policy that requires BYOD users to perform backups of specified corporate data?,,,,
MOS-17.2,Mobile Security,Do you have a policy that requires BYOD users to prohibit the usage of unapproved application stores?,,,,
MOS-17.3,Mobile Security,Do you have a policy that requires BYOD users to use anti-malware software (where supported)?,,,,
MOS-18.1,Mobile Security,Does your IT provide remote wipe or corporate data wipe for all company-accepted BYOD devices?,,,,
MOS-18.2,Mobile Security,Does your IT provide remote wipe or corporate data wipe for all company-assigned mobile devices?,,,,
MOS-19.1,Mobile Security,Do your mobile devices have the latest available security-related patches installed upon general release by the device manufacturer or carrier?,,,,
MOS-19.2,Mobile Security,Do your mobile devices allow for remote validation to download the latest security patches by company IT personnel?,,,,
MOS-20.1,Mobile Security,Does your BYOD policy clarify the systems and servers allowed for use or access on the BYOD-enabled device?,,,,
MOS-20.2,Mobile Security,Does your BYOD policy specify the user roles that are allowed access via a BYOD-enabled device?,,,,
SEF-01.1,"Security Incident Management, E-Discovery, & Cloud Forensics",Do you maintain liaisons and points of contact with local authorities in accordance with contracts and appropriate regulations?,,,,
STA-01.2,"Supply Chain Management, Transparency, and Accountability","Do you design and implement controls to mitigate and contain data security risks through proper separation of duties, role-based access, and least-privileged access for all personnel within your supply chain?",,,,
STA-04.1,"Supply Chain Management, Transparency, and Accountability","Do you perform annual internal assessments of conformance and effectiveness of your policies, procedures, and supporting measures and metrics?",,,,
STA-05.1,"Supply Chain Management, Transparency, and Accountability","Do you select and monitor outsourced providers in compliance with laws in the country where the data is processed, stored, and transmitted?",,,,
STA-05.2,"Supply Chain Management, Transparency, and Accountability",Do you select and monitor outsourced providers in compliance with laws in the country where the data originates?,,,,
STA-05.3,"Supply Chain Management, Transparency, and Accountability",Does legal counsel review all third-party agreements?,,,,
STA-05.4,"Supply Chain Management, Transparency, and Accountability",Do third-party agreements include provision for the security and protection of information and assets?,,,,
STA-05.5,"Supply Chain Management, Transparency, and Accountability",Do you provide the client with a list and copies of all subprocessing agreements and keep this updated?,,,,
STA-06.1,"Supply Chain Management, Transparency, and Accountability",Do you review the risk management and governanced processes of partners to account for risks inherited from other members of that partner's supply chain?,,,,
STA-07.1,"Supply Chain Management, Transparency, and Accountability","Are policies and procedures established, and supporting business processes and technical measures implemented, for maintaining complete, accurate, and relevant agreements (e.g., SLAs) between providers and customers (tenants)?",,,,
STA-07.2,"Supply Chain Management, Transparency, and Accountability",Do you have the ability to measure and address non-conformance of provisions and/or terms across the entire supply chain (upstream/downstream)?,,,,
STA-07.3,"Supply Chain Management, Transparency, and Accountability",Can you manage service-level conflicts or inconsistencies resulting from disparate supplier relationships?,,,,
STA-07.4,"Supply Chain Management, Transparency, and Accountability","Do you review all agreements, policies, and processes at least annually?",,,,
STA-08.1,"Supply Chain Management, Transparency, and Accountability",Do you assure reasonable information security across your information supply chain by performing an annual review?,,,,
STA-08.2,"Supply Chain Management, Transparency, and Accountability",Does your annual review include all partners/third-party providers upon which your information supply chain depends?,,,,
